residue_index,residue_name,secondary_structure,sasa_angstrom2,packing_density,contact_count,mean_ca_distance_A,hbond_count,local_entropy
0,MET,C,211.8361,2,1,51.3134,1,0.0000
1,ALA,H,65.8272,2,1,50.6669,1,0.0000
2,LEU,H,126.3227,2,1,48.2543,1,0.0000
3,TRP,H,208.5759,2,1,46.1012,1,0.0000
4,MET,H,147.9355,3,2,46.3423,1,1.0000
5,ARG,H,182.7527,4,2,45.4736,1,1.0000
6,LEU,H,85.6054,5,2,42.7821,1,1.0000
7,LEU,H,109.6218,5,2,41.4861,1,1.0000
8,PRO,H,66.0110,5,2,40.9028,1,1.0000
9,LEU,H,102.5122,5,2,39.6844,2,1.0000
10,LEU,H,110.1486,5,2,37.8346,2,1.0000
11,ALA,H,44.5461,5,2,37.1735,2,1.0000
12,LEU,H,96.4741,5,2,36.5523,3,1.0000
13,LEU,H,120.6088,5,2,34.8960,2,1.0000
14,ALA,H,77.5290,5,1,33.5512,2,0.0000
15,LEU,H,140.5580,4,1,33.3320,2,0.0000
16,TRP,H,217.9764,3,1,32.3229,1,0.0000
17,GLY,C,31.3804,5,1,30.7643,1,0.0000
18,PRO,C,101.5812,5,2,28.5738,0,1.0000
19,ASP,C,99.9104,5,1,27.7978,1,0.0000
20,PRO,C,111.3562,2,1,26.9586,0,0.0000
21,ALA,H,51.6778,4,1,25.6064,1,0.0000
22,ALA,H,50.1578,5,2,25.3411,2,1.0000
23,ALA,H,57.6759,4,2,25.1122,0,1.0000
24,PHE,C,128.7898,8,3,23.4575,1,1.5850
25,VAL,C,67.4731,7,5,23.4242,1,2.3219
26,ASN,C,79.4217,8,4,22.7504,0,2.0000
27,GLN,E,107.1495,11,3,22.5131,1,1.5850
28,HIS,C,105.2772,12,6,22.0986,0,2.5850
29,LEU,C,21.7373,18,8,21.4056,1,3.0000
30,CYS,E,39.4749,13,4,22.0276,1,2.0000
31,GLY,C,33.3574,7,4,22.9533,1,2.0000
32,SER,H,78.3511,4,1,23.8561,1,0.0000
33,HIS,H,112.8319,7,2,22.8901,2,1.0000
34,LEU,H,0.0000,14,6,21.4063,2,2.5850
35,VAL,H,31.3983,13,3,22.3903,1,1.5850
36,GLU,H,116.5883,7,2,23.3192,1,1.0000
37,ALA,H,16.9068,11,4,22.1244,2,2.0000
38,LEU,H,1.2076,16,7,21.9079,2,2.8074
39,TYR,H,150.4377,10,4,23.7484,2,2.0000
40,LEU,H,121.2538,8,1,24.0765,0,0.0000
41,VAL,H,32.7063,13,5,23.1965,1,2.3219
42,CYS,H,6.4288,12,6,23.7878,2,2.5850
43,GLY,C,39.2892,7,2,25.7586,2,1.0000
44,GLU,H,194.9470,4,0,27.7561,0,0.0000
45,ARG,H,118.7390,5,2,26.5947,2,1.0000
46,GLY,C,21.7373,8,4,25.3352,1,2.0000
47,PHE,E,45.7221,12,6,23.5706,0,2.5850
48,PHE,E,152.6743,6,3,23.6585,0,1.5850
49,TYR,E,51.4182,8,2,22.7163,0,1.0000
50,THR,E,77.9238,5,0,23.6720,0,0.0000
51,PRO,C,58.9014,8,2,23.5592,1,1.0000
52,LYS,C,147.6557,6,2,24.0277,0,1.0000
53,THR,C,70.2969,3,1,26.1058,2,0.0000
54,ARG,C,218.7764,2,1,27.0537,0,0.0000
55,ARG,H,189.9729,3,1,28.4443,1,0.0000
56,GLU,H,92.1992,6,2,26.9306,2,1.0000
57,ALA,H,70.8058,4,3,26.7011,0,1.5850
58,GLU,H,132.1334,3,2,29.1825,2,1.0000
59,ASP,H,107.4540,4,2,29.3893,2,1.0000
60,LEU,H,153.9959,3,1,28.2700,0,0.0000
61,GLN,H,166.9819,2,1,30.3748,1,0.0000
62,VAL,C,112.8004,3,1,32.1371,1,0.0000
63,GLY,C,55.0411,1,1,32.4020,0,0.0000
64,GLN,C,181.3517,1,0,33.6975,0,0.0000
65,VAL,C,124.0342,0,0,34.2133,0,0.0000
66,GLU,C,170.4438,0,0,36.0955,0,0.0000
67,LEU,C,164.9616,0,0,36.1667,0,0.0000
68,GLY,C,86.7126,0,0,38.8156,0,0.0000
69,GLY,C,77.4643,0,0,39.8397,0,0.0000
70,GLY,C,55.3543,0,0,41.6968,0,0.0000
71,PRO,C,147.2557,0,0,43.4757,0,0.0000
72,GLY,C,71.4730,0,0,42.2527,1,0.0000
73,ALA,C,110.7060,0,0,40.7354,0,0.0000
74,GLY,C,40.3827,0,0,40.8982,2,0.0000
75,SER,C,109.9417,1,0,39.4794,0,0.0000
76,LEU,C,138.5691,1,0,37.0852,1,0.0000
77,GLN,C,157.0545,1,0,36.0331,0,0.0000
78,PRO,C,121.7023,1,0,33.1717,0,0.0000
79,LEU,C,137.0330,1,0,33.0970,0,0.0000
80,ALA,C,67.1352,2,0,31.0309,0,0.0000
81,LEU,C,144.6294,2,0,29.0559,0,0.0000
82,GLU,C,175.5543,1,0,28.4935,0,0.0000
83,GLY,C,41.2219,2,0,26.1528,0,0.0000
84,SER,C,80.7000,2,0,25.7224,0,0.0000
85,LEU,C,158.5762,2,0,24.1563,1,0.0000
86,GLN,C,122.2308,2,0,23.5328,0,0.0000
87,LYS,C,160.4766,4,1,22.3751,1,0.0000
88,ARG,C,137.7045,7,2,21.9149,0,1.0000
89,GLY,C,38.3020,9,1,21.4353,0,0.0000
90,ILE,C,15.4711,19,5,20.6051,1,2.3219
91,VAL,H,37.4365,15,7,21.0074,1,2.8074
92,GLU,H,71.8678,9,3,21.5360,1,1.5850
93,GLN,H,50.1561,11,6,21.0210,1,2.5850
94,CYS,H,0.0000,15,8,20.6528,1,3.0000
95,CYS,H,38.3042,12,7,21.5210,1,2.8074
96,THR,H,90.5184,8,3,22.5613,1,1.5850
97,SER,E,42.1129,9,3,22.1869,1,1.5850
98,ILE,C,70.2313,10,7,21.9217,0,2.8074
99,CYS,E,2.1429,14,9,21.0723,0,3.1699
100,SER,C,44.6865,11,4,21.8446,1,2.0000
101,LEU,H,82.4838,11,4,22.0777,0,2.0000
102,TYR,H,156.2656,3,1,22.7427,0,0.0000
103,GLN,H,57.2368,7,2,21.6082,2,1.0000
104,LEU,H,4.8305,15,7,21.0538,1,2.8074
105,GLU,H,78.6429,11,4,22.4548,1,2.0000
106,ASN,H,104.4065,6,1,22.6180,1,0.0000
107,TYR,H,53.5084,11,4,21.9568,1,2.0000
108,CYS,C,19.2863,13,8,23.2530,1,3.0000
109,ASN,C,123.2197,8,5,25.2419,1,2.3219
